,DATE,Scrip Symbol,Opted,Quantity,Avg Buy Price,Buy Value,Avg Sell Price,Sell Value,Gross PnL,Brokerage,Add Charges,Intraday PnL,Pre Funds ,VOLUME,RSI,RR,TAR RR,Post Funds 
0,August 5,TATAMOTORS,BUYYY,18.0,1045.8,18824.4,1057.55,19035.9,211.5,11.36,2.2701.220.041500,190.61,4000.0,1.4M ,30,2,2.0,4190.0
1,August 7,TATAMOTORS,SELL,20.0,1026.75,20535.0,1020.46,20409.1,-125.9,12.28,2.4601.320.041500,-148.0,4190.0,,,,,4042.0
2,August 8,TATAMOTORS,SELL,19.0,1049.25,19935.75,1040.35,19766.65,-169.1,11.91,2.3801.280.041500,-190.71,4042.0,,,,,3851.0
3,August 12,TATAMOTORS,SELL,17.0,1079.0,18343.0,1073.8,18254.6,-88.4,10.98,2.1901.180.041500,-108.79,3851.0,,,,,3742.21
4,August 13,TATAMOTORS,BUYYY,34.0,1059.88,36035.75,1063.29,36152.0,116.25,21.66,4.3302.320.071900,77.86,3742.21,,,,,3819.65
5,August 14,TATAMOTORS,BUYYY,17.0,1050.0,17849.95,1058.3,17991.1,141.15,10.75,2.1501.150.041400,122.06,3819.65,,,,,3919.5
6,August 16,TATAMOTORS,SELL,17.0,1098.5,18674.5,1086.7,18473.9,-200.6,11.14,2.2301.20.041500,-221.2,,,,,,
7,August 19,TATAMOTORS,BUYYY,16.0,1091.55,17464.8,1092.25,17476.0,11.2,10.48,2.101.130.041400,-7.54,,,,,,
8,August 20,TATAMOTORS,BUYYY,16.0,1086.65,17386.4,1088.95,17423.2,36.8,10.44,2.0901.120.031400,18.12,3708.0,,,,,
9,August 21,TATAMOTORS,SELL,16.0,1086.05,17376.8,1085.3,17364.8,-12.0,10.42,2.0801.120.031400,-30.66,3690.0,,,,,3690.0
10,August 22,TATAMOTORS,SELL,16.0,1082.45,17319.2,1077.95,17247.2,-72.0,10.37,2.0701.110.031400,-90.59,3690.0,,,,,3566.0
11,11 Sep,OFSS,SELL,6.0,11352.74,68116.45,11288.68,67732.05,-384.4,40.75,8.1504.370.1421700,-456.81,8587.61,33k,65,Loss,1.88,8387.0
12,11 Sep,OFSS,SELL,3.0,11714.0,35142.0,11685.65,35056.95,-85.05,21.06,4.2102.260.071900,-122.65,8287.0,247,54,Loss,2.0,
13,12 Sep,OLAELEC,SELL,1.0,101.3,101.3,101.26,101.26,-0.04,0.06,0.0100.0100000,-0.12,8123.0,17k,60,Loss,2.0,8123.0
14,October 10,TCS,BUYYY,20.0,4266.85,85337.05,4285.87,85717.3,380.25,51.32,10.2105.080.1732100.17,289.29,18284.0,11.8k ,60ish,2,2.0,18573.0
15,October 11,ADANIENT,BUYYY,6.0,3130.8,18784.8,3171.25,19027.5,242.7,11.34,2.2601.120.041500.04,221.9,18573.0,13k,61,2,2.0,18743.0
16,October 14,LT,BUYYY,14.0,3540.0,49560.0,3555.1,49771.4,211.4,29.8,5.9302.950.111200.1,159.52,18743.0,7k,60ish,1,2.0,18954.0
17,October 15,APOLLO,SELL,500.0,101.11,50555.0,100.83,50415.29,-139.71,30.29,6.03030.11.5212.6200.1,-193.37,18953.0,,,,,
18,October 15,SOUTHBANK,BUYYY,2100.0,23.97,50337.0,24.02,50442.0,105.0,30.23,6.0202.990.11.4812.3800.1,51.7,,,,,,18843.0
19,October16,MAZDOCK,SELL,3.0,4340.9,13022.7,4336.62,13009.85,-12.85,7.81,1.5500.770.030300.03,-26.04,,,,,,
20,October 17,INFY,BUYYY,20.0,1963.45,39269.0,1974.02,39480.35,211.35,23.62,4.702.340.0811000.08,169.53,18843.0,118k,70,1.2,2.0,18956.0
21,October 18,LT,BUYYY,10.0,3578.85,35788.5,3584.45,35844.5,56.0,21.49,4.2802.130.071900.07,17.96,18956.0,48k,57,0.45,1.5,18974.0
22,October 22,HDFCLIFE,BUYYY,65.0,743.05,48298.25,746.15,48499.55,201.3,29.04,5.7802.870.11.4512.100.1,149.86,18974.0,50k,47 down,1.44,1.44,
23,October 22,TATAMOTORS,SELL,55.0,896.5,49307.5,891.4,49027.0,-280.5,29.5,5.9903.690.11.5712.7200,-334.07,,,,,,18826.0
24,October 22,RELIANCE,BUYYY,12.0,2721.96,32663.55,2727.9,32734.8,71.25,19.62,3.901.940.070.988.1700.07,36.5,,,,,,
25,October 23,TECHM,SELL,25.0,1732.6,43314.95,1709.03,42725.85,-589.1,25.81,5.1402.560.0911100.09,-634.77,18826.0,63,54k,-L,1.05,18197.0
26,October 30,WIPRO,SELL,80.0,572.5,45800.0,571.05,45684.0,-116.0,27.45,5.4602.720.0911100.09,-163.81,18197.0,NO Data,,,,18000.0
27,7 November,TATASTEEL,SELL,200.0,155.78,31156.0,155.12,31024.0,-132.0,18.65,3.7101.850.061800.06,-165.33,8743.0,,,,,8578.0
28,7 November,TATAMOTORS,BUYYY,2.0,809.83,1619.65,810.38,1620.75,1.1,0.97,0.200.1200.050.400,-0.64,,,,,,
29,8 Nov,ABFRL,SELL,100.0,306.6,30660.0,301.1,30110.0,-550.0,18.23,3.6301.80.060.957.600.06,-582.33,8578.0,,,,,7996.0
30,13 November,NTPC,SELL,65.0,386.6,25129.0,385.1,25031.5,-97.5,15.05,2.9901.490.051600.05,-124.13,7970.0,,,,,7899.0
31,18 Nov,TATAMOTORS,SELL,30.0,774.5,23235.0,768.85,23065.5,-169.5,13.89,2.7601.380.051600.05,-194.62,7899.0,,,,,7755.0
32,6 Jan,LT,SELL,7.0,3651.45,25560.15,3651.41,25559.85,-0.3,15.34,3.0501.520.051600.05,-27.31,7628.0,40k,43,2,2.0,7627.0
33,7 Jan,TITAN,BUYYY,7.0,3525.45,24678.15,3562.8,24939.6,261.45,14.89,2.9601.470.051600.05,235.02,7529.0,136k,76,1.13,2.0,7763.58
34,8 Jan,TRENT,BUYYY,2.0,6600.2,13200.4,6714.4,13428.8,228.4,7.99,1.5900.790.030300.03,214.98,7763.58,88k,8,3.5,2.6,7979.9
35,9 Jan,M&M,SELL,9.0,3133.96,28205.65,3122.1,28098.9,-106.75,16.89,3.3601.670.061700.06,-136.79,7979.9,60k,73,L,1.9,7843.11
36,10 Jan,IREDA,SELL,60.0,215.4,12924.0,212.11,12726.53,-197.47,7.7,1.5300.760.030300.03,-210.51,7843.11,4M,28,L,2.0,7632.6
37,13 Jan,TCS,SELL,6.0,4301.5,25809.0,4273.55,25641.3,-167.7,15.44,3.0701.530.051600.05,-194.84,7632.6,NO,,L,2.0,7492.04
38,14 Jan,RELIANCE,SELL,20.0,1243.65,24873.0,1239.1,24782.0,-91.0,14.9,2.9601.470.051600.05,-117.44,7492.04,,,L,2.0,7427.48
39,20 Jan,LT,SELL,20.0,3590.63,71812.5,3587.98,71759.5,-53.0,43.07,8.5704.260.1421800.14,-129.19,7427.48,39K,77,Lx2,3.0,7298.28
40,,Total,SELL,,,1224006.1,,1222652.33,-1353.77,733.99,146.35075.062.4741302.9901.72,-2657.35,,,,,,