Scrip Symbol,Company Name,Quantity,Avg Buy Price,Buy Value,Avg Sell Price,Sell Value,Gross PnL,Brokerage,Add Charges,Intraday PnL,Opted
RELIANCE,RELIANCE INDUSTRIES LTD,20,1243.65,24873,1239.1,24782,-91,14.9,2.9601.470.051600.05,-117.44,SELL
TCS,TATA CONSULTANCY SERV LT,6,4301.5,25809,4273.55,25641.3,-167.7,15.44,3.0701.530.051600.05,-194.84,SELL
IREDA,INDIAN RENEWABLE ENERGY,60,215.4,12924,212.11,12726.53,-197.47,7.7,1.5300.760.030300.03,-210.51,SELL
M&M,MAHINDRA & MAHINDRA LTD,9,3133.96,28205.65,3122.1,28098.9,-106.75,16.89,3.3601.670.061700.06,-136.79,SELL
TRENT,TRENT LTD,2,6600.2,13200.4,6714.4,13428.8,228.4,7.99,1.5900.790.030300.03,214.98,BUYYY
TITAN,TITAN COMPANY LIMITED,7,3525.45,24678.15,3562.8,24939.6,261.45,14.89,2.9601.470.051600.05,235.02,BUYYY
LT,LARSEN & TOUBRO LTD.,7,3651.45,25560.15,3651.41,25559.85,-0.3,15.34,3.0501.520.051600.05,-27.31,SELL
TATAMOTORS,TATA MOTORS LIMITED,30,774.5,23235,768.85,23065.5,-169.5,13.89,2.7601.380.051600.05,-194.62,SELL
NTPC,NTPC LTD,65,386.6,25129,385.1,25031.5,-97.5,15.05,2.9901.490.051600.05,-124.13,SELL
ABFRL,ADITYA BIRLA FASHION & RT,100,306.6,30660,301.1,30110,-550,18.23,3.6301.80.060.957.600.06,-582.33,SELL
TATAMOTORS,TATA MOTORS LIMITED,2,809.83,1619.65,810.38,1620.75,1.1,0.97,0.200.1200.050.400,-0.64,BUYYY
TATASTEEL,TATA STEEL LIMITED,200,155.78,31156,155.12,31024,-132,18.65,3.7101.850.061800.06,-165.33,SELL
WIPRO,WIPRO LTD,80,572.5,45800,571.05,45684,-116,27.45,5.4602.720.0911100.09,-163.81,SELL
TECHM,TECH MAHINDRA LIMITED,25,1732.6,43314.95,1709.03,42725.85,-589.1,25.81,5.1402.560.0911100.09,-634.77,SELL
RELIANCE,RELIANCE INDUSTRIES LTD,12,2721.96,32663.55,2727.9,32734.8,71.25,19.62,3.901.940.070.988.1700.07,36.5,BUYYY
TATAMOTORS,TATA MOTORS LIMITED,55,896.5,49307.5,891.4,49027,-280.5,29.5,5.9903.690.11.5712.7200,-334.07,SELL
HDFCLIFE,HDFC LIFE INS CO LTD,65,743.05,48298.25,746.15,48499.55,201.3,29.04,5.7802.870.11.4512.100.1,149.86,BUYYY
LT,LARSEN & TOUBRO LTD.,10,3578.85,35788.5,3584.45,35844.5,56,21.49,4.2802.130.071900.07,17.96,BUYYY
INFY,INFOSYS LIMITED,20,1963.45,39269,1974.02,39480.35,211.35,23.62,4.702.340.0811000.08,169.53,BUYYY
MAZDOCK,MAZAGON DOCK SHIPBUIL LTD,3,4340.9,13022.7,4336.62,13009.85,-12.85,7.81,1.5500.770.030300.03,-26.04,SELL
SOUTHBANK,THE SOUTH INDIAN BANK LTD,2100,23.97,50337,24.02,50442,105,30.23,6.0202.990.11.4812.3800.1,51.7,BUYYY
APOLLO,APOLLO MICRO SYSTEMS LTD,500,101.11,50555,100.83,50415.29,-139.71,30.29,6.03030.11.5212.6200.1,-193.37,SELL
LT,LARSEN & TOUBRO LTD.,14,3540,49560,3555.1,49771.4,211.4,29.8,5.9302.950.111200.1,159.52,BUYYY
ADANIENT,ADANI ENTERPRISES LIMITED,6,3130.8,18784.8,3171.25,19027.5,242.7,11.34,2.2601.120.041500.04,221.9,BUYYY
TCS,TATA CONSULTANCY SERV LT,20,4266.85,85337.05,4285.87,85717.3,380.25,51.32,10.2105.080.1732100.17,289.29,BUYYY
OLAELEC,OLA ELECTRIC MOBILITY LTD,1,101.3,101.3,101.26,101.26,-0.04,0.06,0.0100.0100000,-0.12,SELL
OFSS,ORACLE FIN SERV SOFT LTD.,3,11714,35142,11685.65,35056.95,-85.05,21.06,4.2102.260.071900,-122.65,SELL
OFSS,ORACLE FIN SERV SOFT LTD.,6,11352.74,68116.45,11288.68,67732.05,-384.4,40.75,8.1504.370.1421700,-456.81,SELL
TATAMOTORS,TATA MOTORS LIMITED,16,1082.45,17319.2,1077.95,17247.2,-72,10.37,2.0701.110.031400,-90.59,SELL
TATAMOTORS,TATA MOTORS LIMITED,16,1086.05,17376.8,1085.3,17364.8,-12,10.42,2.0801.120.031400,-30.66,SELL
TATAMOTORS,TATA MOTORS LIMITED,16,1086.65,17386.4,1088.95,17423.2,36.8,10.44,2.0901.120.031400,18.12,BUYYY
TATAMOTORS,TATA MOTORS LIMITED,16,1091.55,17464.8,1092.25,17476,11.2,10.48,2.101.130.041400,-7.54,BUYYY
TATAMOTORS,TATA MOTORS LIMITED,17,1098.5,18674.5,1086.7,18473.9,-200.6,11.14,2.2301.20.041500,-221.2,SELL
TATAMOTORS,TATA MOTORS LIMITED,17,1050,17849.95,1058.3,17991.1,141.15,10.75,2.1501.150.041400,122.06,BUYYY
TATAMOTORS,TATA MOTORS LIMITED,34,1059.88,36035.75,1063.29,36152,116.25,21.66,4.3302.320.071900,77.86,BUYYY
TATAMOTORS,TATA MOTORS LIMITED,17,1079,18343,1073.8,18254.6,-88.4,10.98,2.1901.180.041500,-108.79,SELL
TATAMOTORS,TATA MOTORS LIMITED,19,1049.25,19935.75,1040.35,19766.65,-169.1,11.91,2.3801.280.041500,-190.71,SELL
TATAMOTORS,TATA MOTORS LIMITED,20,1026.75,20535,1020.46,20409.1,-125.9,12.28,2.4601.320.041500,-148,SELL
TATAMOTORS,TATA MOTORS LIMITED,18,1045.8,18824.4,1057.55,19035.9,211.5,11.36,2.2701.220.041500,190.61,BUYYY
Total,,,,1224006.1,,1222652.33,-1353.77,733.99,146.35075.062.4741302.9901.72,-2657.35,SELL
LT,LARSEN & TOUBRO LTD.,20,3590.63,71812.5,3587.98,71759.5,-53,43.07,8.5704.260.1421800.14,-129.19,SELL
