Unnamed: 0,Date,Gross Purchase FII,Gross Sales FII,Net Purchase FII,Gross Purchase DII,Gross Sales DII,Net Purchase DII,Net Net,# Net Net,Change,Change%
1,28-Feb-2025,39239.44,50878.46,-11639.02,28065.55,15756.92,12308.63,669.6099999999988,1170.55,-500.9400000000012,-42.795267182093994
2,27-Feb-2025,19055.23,19611.79,-556.56,13530.17,11803.06,1727.11,1170.55,-498.3199999999997,1668.8699999999997,-334.899261518703
3,25-Feb-2025,12500.37,16029.47,-3529.1,11278.09,8247.31,3030.78,-498.3199999999997,-1101.0500000000002,602.7300000000005,-54.74138322510335
4,24-Feb-2025,7905.53,14192.23,-6286.7,12552.14,7366.49,5185.65,-1101.0500000000002,-564.54,-536.5100000000002,95.03489566726897
5,21-Feb-2025,10144.33,13593.48,-3449.15,12889.44,10004.83,2884.61,-564.54,596.0899999999997,-1160.6299999999997,-194.7071750910098
6,20-Feb-2025,11131.94,14443.49,-3311.55,13180.35,9272.71,3907.64,596.0899999999997,76.44000000000005,519.6499999999996,679.814233385661
7,19-Feb-2025,11570.57,13451.87,-1881.3,11192.98,9235.24,1957.74,76.44000000000005,7858.75,-7782.3099999999995,-99.02732622872593
8,18-Feb-2025,14537.68,9751.12,4786.56,12792.87,9720.68,3072.19,7858.75,821.9400000000005,7036.8099999999995,856.122101369929
9,17-Feb-2025,6826.98,10764.81,-3937.83,12504.11,7744.34,4759.77,821.9400000000005,69.18000000000029,752.7600000000002,1088.1179531656505
10,14-Feb-2025,9064.18,13358.87,-4294.69,12826.66,8462.79,4363.87,69.18000000000029,144.59000000000015,-75.40999999999985,-52.15436752195849
11,13-Feb-2025,12124.0,14913.91,-2789.91,13148.49,10213.99,2934.5,144.59000000000015,959.9399999999996,-815.3499999999995,-84.9376002666833
12,12-Feb-2025,12389.1,17358.4,-4969.3,15357.41,9428.17,5929.24,959.9399999999996,-484.52,1444.4599999999996,-298.121852555106
13,11-Feb-2025,11495.99,15982.4,-4486.41,13787.72,9785.83,4001.89,-484.52,-948.1999999999998,463.67999999999984,-48.901075722421425
14,10-Feb-2025,9607.92,12071.64,-2463.72,9802.45,8286.93,1515.52,-948.1999999999998,-16.189999999999998,-932.0099999999998,5756.701667696108
15,07-Feb-2025,12482.21,12952.6,-470.39,12185.62,11731.42,454.2,-16.189999999999998,-828.29,812.0999999999999,-98.0453705827669
16,06-Feb-2025,13469.82,17019.77,-3549.95,11546.06,8824.4,2721.66,-828.29,-686.55,-141.74,20.64525526181633
17,05-Feb-2025,14112.34,15795.17,-1682.83,12860.76,11864.48,996.28,-686.55,378.53000000000003,-1065.08,-281.37267851953607
18,04-Feb-2025,18105.75,17296.52,809.23,15002.64,15433.34,-430.7,378.53000000000003,-1250.1399999999999,1628.6699999999998,-130.2790087510199
19,03-Feb-2025,12505.92,16464.29,-3958.37,19319.48,16611.25,2708.23,-1250.1399999999999,-502.78999999999996,-747.3499999999999,148.64058553272736
20,01-Feb-2025,987.59,2314.68,-1327.09,13364.01,12539.63,824.3,-502.78999999999996,1043.2299999999998,-1546.0199999999998,-148.1955081813215
21,31-Jan-2025,14000.07,15189.06,-1188.99,13549.67,11317.45,2232.22,1043.2299999999998,-2417.06,3460.29,-143.16111308780089
22,30-Jan-2025,10513.63,15096.58,-4582.95,13934.35,11768.46,2165.89,-2417.06,-793.7199999999998,-1623.3400000000001,204.52300559391227
23,29-Jan-2025,7644.4,10230.83,-2586.43,12871.38,11078.67,1792.71,-793.7199999999998,1893.6400000000003,-2687.36,-141.91504192982825
24,28-Jan-2025,11165.86,16086.55,-4920.69,19735.28,12920.95,6814.33,1893.6400000000003,1626.6899999999996,266.9500000000007,16.410625257424634
25,27-Jan-2025,9488.57,14504.03,-5015.46,16503.43,9861.28,6642.15,1626.6899999999996,-356.17999999999984,1982.8699999999994,-556.7044752653154
26,24-Jan-2025,11230.47,13988.96,-2758.49,12835.41,10433.1,2402.31,-356.17999999999984,-1749.9700000000003,1393.7900000000004,-79.64650822585531
27,23-Jan-2025,13316.55,18779.07,-5462.52,14412.73,10700.18,3712.55,-1749.9700000000003,-386.0300000000002,-1363.94,353.32487112400577
28,22-Jan-2025,12936.64,16962.89,-4026.25,15437.18,11796.96,3640.22,-386.0300000000002,-2419.9599999999996,2033.9299999999994,-84.04808343939568
29,21-Jan-2025,9983.18,15903.46,-5920.28,14355.52,10855.2,3500.32,-2419.9599999999996,-14.579999999999927,-2405.3799999999997,16497.805212620107
30,20-Jan-2025,9473.16,13809.7,-4336.54,15339.21,11017.25,4321.96,-14.579999999999927,-745.1799999999998,730.5999999999999,-98.04342574948336
31,17-Jan-2025,10486.45,13804.51,-3318.06,12496.54,9923.66,2572.88,-745.1799999999998,-1413.23,668.0500000000002,-47.27114482426782
32,16-Jan-2025,11077.77,15419.72,-4341.95,14830.61,11901.89,2928.72,-1413.23,-850.9499999999998,-562.2800000000002,66.07673776367594
33,15-Jan-2025,11035.43,15568.92,-4533.49,14429.64,10747.1,3682.54,-850.9499999999998,-231.19999999999982,-619.75,268.05795847750886
34,14-Jan-2025,13794.14,21926.4,-8132.26,17836.5,9935.44,7901.06,-231.19999999999982,3173.2299999999996,-3404.4299999999994,-107.28595153833791
35,13-Jan-2025,10978.18,15871.02,-4892.84,20133.51,12067.44,8066.07,3173.2299999999996,1707.2400000000002,1465.9899999999993,85.86900494365169
36,10-Jan-2025,10097.02,12351.7,-2254.68,14293.73,10331.81,3961.92,1707.2400000000002,468.7600000000002,1238.48,264.20343032681956
37,09-Jan-2025,8537.05,15707.92,-7170.87,16727.63,9088.0,7639.63,468.7600000000002,-645.8999999999996,1114.6599999999999,-172.5747019662487
38,08-Jan-2025,9944.21,13306.39,-3362.18,14251.5,11535.22,2716.28,-645.8999999999996,123.81999999999994,-769.7199999999996,-621.6443224034889
39,07-Jan-2025,11726.68,13218.14,-1491.46,12256.43,10641.15,1615.28,123.81999999999994,3174.5899999999997,-3050.7699999999995,-96.09965381356332
40,06-Jan-2025,9817.48,12392.54,-2575.06,16412.95,10663.3,5749.65,3174.5899999999997,-3406.65,6581.24,-193.18802929564234
41,03-Jan-2025,10812.78,15040.03,-4227.25,14332.69,13512.09,820.6,-3406.65,1528.89,-4935.54,-322.8185153935208
42,02-Jan-2025,13402.85,11896.1,1506.75,14176.58,14154.44,22.14,1528.89,-92.34000000000015,1621.2300000000002,-1755.7179987004524
43,01-Jan-2025,1237.02,3019.73,-1782.71,8536.97,6846.6,1690.37,-92.34000000000015,-98.49000000000069,6.150000000000546,-6.2442887602807415
44,31-Dec-2024,5950.15,10595.37,-4645.22,13550.29,9003.56,4546.73,-98.49000000000069,280.70000000000005,-379.19000000000074,-135.08728179551147
45,30-Dec-2024,15507.56,17400.72,-1893.16,41786.62,39612.76,2173.86,280.70000000000005,1221.35,-940.6499999999999,-77.01723502681459
46,27-Dec-2024,5368.36,6691.65,-1323.29,9436.86,6892.22,2544.64,1221.35,959.4899999999998,261.8600000000001,27.29158198626356
47,26-Dec-2024,4256.31,6632.98,-2376.67,11592.43,8256.27,3336.16,959.4899999999998,365.03999999999996,594.4499999999998,162.8451676528599
48,24-Dec-2024,4932.76,7386.97,-2454.21,10514.3,7695.05,2819.25,365.03999999999996,2058.97,-1693.9299999999998,-82.27074702399744
49,23-Dec-2024,8705.49,8874.2,-168.71,11083.76,8856.08,2227.68,2058.97,-2223.4500000000003,4282.42,-192.60248712586295
50,20-Dec-2024,30297.83,33895.65,-3597.82,20119.41,18745.04,1374.37,-2223.4500000000003,-281.6800000000003,-1941.77,689.353166714001
51,19-Dec-2024,12685.41,16910.33,-4224.92,14699.53,10756.29,3943.24,-281.6800000000003,2767.27,-3048.9500000000003,-110.17898506470276
52,18-Dec-2024,13345.2,14662.01,-1316.81,14068.09,9984.01,4084.08,2767.27,-3703.3799999999997,6470.65,-174.7228207745357
53,17-Dec-2024,15558.53,21968.39,-6409.86,11996.54,9290.06,2706.48,-3703.3799999999997,-512.95,-3190.4299999999994,621.9768008577832
54,16-Dec-2024,11678.24,11956.94,-278.7,8636.76,8871.01,-234.25,-512.95,1603.1200000000001,-2116.07,-131.99698088726984
55,13-Dec-2024,15968.39,13633.07,2335.32,9616.97,10349.17,-732.2,1603.1200000000001,-913.3600000000001,2516.4800000000005,-275.51896294998687
56,12-Dec-2024,14503.85,18063.86,-3560.01,13418.45,10771.8,2646.65,-913.3600000000001,995.6099999999999,-1908.97,-191.73873303803703
57,11-Dec-2024,11528.68,12540.92,-1012.24,11396.21,9388.36,2007.85,995.6099999999999,1891.75,-896.1400000000001,-47.370952821461614
58,10-Dec-2024,19936.98,18651.02,1285.96,11264.73,10658.94,605.79,1891.75,-923.8,2815.55,-304.7791729811648
59,09-Dec-2024,16650.44,15926.17,724.27,10429.71,12077.78,-1648.07,-923.8,-171.25,-752.55,439.44525547445255
60,06-Dec-2024,12013.83,13844.14,-1830.31,11651.37,9992.31,1659.06,-171.25,6236.27,-6407.52,-102.7460324841612
61,05-Dec-2024,24716.78,16176.87,8539.91,13395.84,15699.48,-2303.64,6236.27,896.9799999999999,5339.290000000001,595.2518450801581
62,04-Dec-2024,19968.95,18171.35,1797.6,14082.28,14982.9,-900.62,896.9799999999999,3413.6800000000003,-2516.7000000000003,-73.72395772304375
63,03-Dec-2024,22450.0,18785.33,3664.67,14553.16,14804.15,-250.99,3413.6800000000003,3350.3799999999997,63.30000000000064,1.8893379258472367
64,02-Dec-2024,13605.12,13843.4,-238.28,12456.43,8867.77,3588.66,3350.3799999999997,1339.79,2010.5899999999997,150.06754789929764
65,29-Nov-2024,14786.35,19169.9,-4383.55,15201.68,9478.34,5723.34,1339.79,-3037.9500000000007,4377.740000000001,-144.101779160289
66,28-Nov-2024,10796.17,22552.42,-11756.25,17685.35,8967.05,8718.3,-3037.9500000000007,1309.75,-4347.700000000001,-331.9488451994656
67,27-Nov-2024,13027.06,13019.28,7.78,10230.12,8928.15,1301.97,1309.75,-753.1599999999999,2062.91,-273.90063200382394
68,26-Nov-2024,10971.18,9813.48,1157.7,8406.15,10317.01,-1910.86,-753.1599999999999,3039.579999999999,-3792.739999999999,-124.77842333480285
69,25-Nov-2024,85251.94,75304.39,9947.55,17624.75,24532.72,-6907.97,3039.579999999999,443.7800000000002,2595.799999999999,584.9294695569871
70,22-Nov-2024,16985.36,18263.73,-1278.37,12251.72,10529.57,1722.15,443.7800000000002,-1120.5200000000004,1564.3000000000006,-139.6048263306322
71,21-Nov-2024,16559.63,21880.31,-5320.68,14555.77,10355.61,4200.16,-1120.5200000000004,-627.8400000000001,-492.6800000000003,78.47222222222226
72,19-Nov-2024,15255.09,18666.82,-3411.73,13657.81,10873.92,2783.89,-627.8400000000001,927.1599999999999,-1555.0,-167.71646749212653
73,18-Nov-2024,14256.29,15659.69,-1403.4,11521.42,9190.86,2330.56,927.1599999999999,631.94,295.2199999999998,46.71646042345789
74,14-Nov-2024,13003.06,14852.93,-1849.87,10200.35,7718.54,2481.81,631.94,3642.66,-3010.72,-82.65168860118705
75,13-Nov-2024,15178.17,17680.75,-2502.58,14095.16,7949.92,6145.24,3642.66,-1169.85,4812.51,-411.37838184382616
76,12-Nov-2024,12542.73,15567.04,-3024.31,10330.28,8475.82,1854.46,-1169.85,-280.25,-889.5999999999999,317.4308652988403
77,11-Nov-2024,9430.85,11737.73,-2306.88,9848.87,7822.24,2026.63,-280.25,-1655.6,1375.35,-83.07260207779656
78,08-Nov-2024,9336.94,12740.98,-3404.04,11246.96,9498.52,1748.44,-1655.6,-3102.0700000000006,1446.4700000000007,-46.62918631752348
79,07-Nov-2024,11736.07,16624.84,-4888.77,11374.43,9587.73,1786.7,-3102.0700000000006,443.7399999999998,-3545.8100000000004,-799.0737819443823
80,06-Nov-2024,11911.9,16357.49,-4445.59,16061.64,11172.31,4889.33,443.7399999999998,461.5500000000002,-17.8100000000004,-3.858736864911796
81,05-Nov-2024,11851.47,14420.88,-2569.41,12616.72,9585.76,3030.96,461.5500000000002,-1393.71,1855.2600000000002,-133.11664550013992
82,04-Nov-2024,13786.39,18116.18,-4329.79,12449.82,9513.74,2936.08,-1393.71,-589.26,-804.45,136.51868445168517
83,01-Nov-2024,68.79,280.72,-211.93,50.09,427.42,-377.33,-589.26,-2298.71,1709.45,-74.3656224578133
84,31-Oct-2024,16633.49,22446.79,-5813.3,13000.2,9485.61,3514.59,-2298.71,-95.36999999999989,-2203.34,2310.307224494078
85,30-Oct-2024,14908.59,19522.24,-4613.65,13594.06,9075.78,4518.28,-95.36999999999989,181.43999999999994,-276.80999999999983,-152.56283068783065
86,29-Oct-2024,15508.5,16057.19,-548.69,12823.77,12093.64,730.13,181.43999999999994,-1827.23,2008.67,-109.92978442779508
87,28-Oct-2024,13393.3,16621.38,-3228.08,12258.32,10857.47,1400.85,-1827.23,1122.54,-2949.77,-262.7763821333761
88,25-Oct-2024,14209.84,17246.59,-3036.75,15203.44,11044.15,4159.29,1122.54,-1441.98,2564.52,-177.84712686722423
89,24-Oct-2024,12537.42,17599.87,-5062.45,13827.85,10207.38,3620.47,-1441.98,355.2699999999995,-1797.2499999999995,-505.8828496636367
90,23-Oct-2024,14752.71,20437.34,-5684.63,16433.67,10393.77,6039.9,355.2699999999995,1890.4500000000003,-1535.1800000000007,-81.20711999788412
91,22-Oct-2024,15579.8,19558.41,-3978.61,16865.8,10996.74,5869.06,1890.4500000000003,964.0799999999999,926.3700000000003,96.08849887976106
92,21-Oct-2024,11982.7,14244.53,-2261.83,13741.13,10515.22,3225.91,964.0799999999999,-270.8699999999999,1234.9499999999998,-455.9198139328831
93,18-Oct-2024,12348.95,17834.65,-5485.7,13850.16,8635.33,5214.83,-270.8699999999999,-2441.5699999999997,2170.7,-88.90590890287807
94,17-Oct-2024,9721.1,17142.5,-7421.4,16817.01,11837.18,4979.83,-2441.5699999999997,-1179.65,-1261.9199999999996,106.97410248802608
95,16-Oct-2024,14465.64,17901.58,-3435.94,13432.45,11176.16,2256.29,-1179.65,-93.75,-1085.9,1158.2933333333335
96,15-Oct-2024,16097.89,17846.6,-1748.71,13229.43,11574.47,1654.96,-93.75,-1453.5,1359.75,-93.5500515995872
97,14-Oct-2024,9364.16,13095.75,-3731.59,11597.52,9319.43,2278.09,-1453.5,-431.78999999999996,-1021.71,236.62196901271452
98,11-Oct-2024,6219.76,10382.42,-4162.66,11906.51,8175.64,3730.87,-431.78999999999996,-1048.2799999999997,616.4899999999998,-58.809669172358525
99,10-Oct-2024,16514.3,21440.91,-4926.61,13301.19,9422.86,3878.33,-1048.2799999999997,-1054.1,5.820000000000164,-0.5521297789583687
100,09-Oct-2024,11726.26,16288.97,-4562.71,14841.81,11333.2,3508.61,-1054.1,1271.08,-2325.18,-182.92947729489885
101,08-Oct-2024,14774.19,20503.79,-5729.6,19494.71,12494.03,7000.68,1271.08,4951.710000000001,-3680.630000000001,-74.3304838126627
102,07-Oct-2024,14057.25,22350.66,-8293.41,23924.07,10678.95,13245.12,4951.710000000001,-991.8700000000008,5943.580000000002,-599.229737768054
103,04-Oct-2024,14524.79,24421.74,-9896.95,20286.53,11381.45,8905.08,-991.8700000000008,-2329.3100000000013,1337.4400000000005,-57.417861941948466
104,03-Oct-2024,17311.91,32555.18,-15243.27,25294.47,12380.51,12913.96,-2329.3100000000013,-969.8000000000002,-1359.5100000000011,140.18457413899782
105,01-Oct-2024,12627.79,18207.14,-5579.35,14435.2,9825.65,4609.55,-969.8000000000002,-3146.13,2176.33,-69.17482748646749
106,30-Sep-2024,16620.77,26412.7,-9791.93,17880.53,11234.73,6645.8,-3146.13,5677.549999999999,-8823.68,-155.41351463219172
107,27-Sep-2024,26135.9,27345.0,-1209.1,50042.69,43156.04,6886.65,5677.549999999999,3035.08,2642.4699999999993,87.0642618975447
108,26-Sep-2024,26421.21,25791.25,629.96,15461.3,13056.18,2405.12,3035.08,805.05,2230.0299999999997,277.00515495931927
109,25-Sep-2024,15086.88,16060.82,-973.94,12899.34,11120.35,1778.99,805.05,1084.17,-279.1200000000001,-25.745039984504288
110,24-Sep-2024,20111.37,22895.51,-2784.14,15939.51,12071.2,3868.31,1084.17,1427.06,-342.8899999999999,-24.027721329166248
111,23-Sep-2024,12094.89,11690.47,404.42,11666.36,10643.72,1022.64,1427.06,9636.97,-8209.91,-85.19181859028305
112,20-Sep-2024,59452.33,45388.28,14064.05,16987.42,21414.5,-4427.08,9636.97,-534.6700000000003,10171.64,-1902.4145734752267
113,19-Sep-2024,17852.32,20399.85,-2547.53,16234.69,14221.83,2012.86,-534.6700000000003,1306.0,-1840.6700000000003,-140.93950995405822
114,18-Sep-2024,11654.0,10500.31,1153.69,11794.51,11642.2,152.31,1306.0,1356.84,-50.83999999999992,-3.7469414227174846
115,17-Sep-2024,13095.19,12612.5,482.69,10959.98,10085.83,874.15,1356.84,-880.89,2237.73,-254.03058270612675
116,16-Sep-2024,8617.1,10252.08,-1634.98,10025.07,9270.98,754.09,-880.89,4897.0,-5777.89,-117.9883602205432
117,13-Sep-2024,15982.99,13618.17,2364.82,11156.43,8624.25,2532.18,4897.0,5894.46,-997.46,-16.921991157799017
118,12-Sep-2024,23301.02,15606.02,7695.0,13690.6,15491.14,-1800.54,5894.46,1985.9,3908.56,196.8155496248552
119,11-Sep-2024,15414.6,13659.6,1755.0,11401.9,11171.0,230.9,1985.9,1932.8600000000001,53.039999999999964,2.74412011216539
120,10-Sep-2024,16771.58,14563.35,2208.23,12153.63,12429.0,-275.37,1932.8600000000001,-880.89,2813.75,-319.42126712756414
121,09-Sep-2024,8617.1,10252.08,-1634.98,10025.07,9270.98,754.09,-880.89,1500.5800000000002,-2381.4700000000003,-158.70330139012916
122,06-Sep-2024,16911.35,17532.3,-620.95,15699.2,13577.67,2121.53,1500.5800000000002,2282.0499999999997,-781.4699999999996,-34.2442102495563
123,05-Sep-2024,17446.87,18135.56,-688.69,14803.18,11832.44,2970.74,2282.0499999999997,1072.81,1209.2399999999998,112.71707012425311
124,04-Sep-2024,16585.13,15609.67,975.46,13583.92,13486.57,97.35,1072.81,2925.46,-1852.65,-63.328502184271876
125,03-Sep-2024,19444.04,18414.79,1029.25,11867.28,9971.07,1896.21,2925.46,2091.83,833.6300000000001,39.851708790867335
126,02-Sep-2024,13772.63,12037.17,1735.46,12538.52,12182.15,356.37,2091.83,,,
